{"cameraMode":{"drawMode":0,"name":"Shaded","section":"Shading Mode"},"sceneLighting":true,"audioPlay":false,"sceneViewState":{"m_AlwaysRefresh":false,"showFog":true,"showSkybox":true,"showFlares":true,"showImageEffects":true,"showParticleSystems":true,"showVisualEffectGraphs":true,"m_FxEnabled":true},"in2DMode":false,"pivot":{"x":-24.894512176513673,"y":12.935572624206543,"z":18.222492218017579},"rotation":{"x":-0.00047450882266275585,"y":0.4286387264728546,"z":-0.00022241659462451935,"w":-0.9034805297851563},"size":18.61624526977539,"orthographic":false}